Company Name,Symbol,Discount Percentage,Link
3i,III,3%,https://www.londonstockexchange.com/exchange/prices-and-markets/stocks/summary/company-summary/GB00B1YW4409GBGBXSET1.html
Admiral Group,ADM,3%,https://www.londonstockexchange.com/exchange/prices-and-markets/stocks/summary/company-summary/GB00B02J6398GBGBXSET1.html
Anglo American plc,AAL,3%,https://www.londonstockexchange.com/exchange/prices-and-markets/stocks/summary/company-summary/GB00B1XZS820GBGBXSET1.html
Antofagasta,ANTO,3%,https://www.londonstockexchange.com/exchange/prices-and-markets/stocks/summary/company-summary/GB0000456144GBGBXSET1.html
Ashtead Group,AHT,3%,https://www.londonstockexchange.com/exchange/prices-and-markets/stocks/summary/company-summary/GB0000536739GBGBXSET1.html
Associated British Foods,ABF,3%,https://www.londonstockexchange.com/exchange/prices-and-markets/stocks/summary/company-summary/GB0006731235GBGBXSET1.html
AstraZeneca,AZN,3%,https://www.londonstockexchange.com/exchange/prices-and-markets/stocks/summary/company-summary/GB0009895292GBGBXSET1.html
Auto Trader Group,AUTO,3%,https://www.londonstockexchange.com/exchange/prices-and-markets/stocks/summary/company-summary/GB00BVYVFW23GBGBXSET1.html
Aviva,AV.,3%,https://www.londonstockexchange.com/exchange/prices-and-markets/stocks/summary/company-summary/GB0002162385GBGBXSET1.html
BAE Systems,BA.,3%,https://www.londonstockexchange.com/exchange/prices-and-markets/stocks/summary/company-summary/GB0002634946GBGBXSET1.html
Barclays,BARC,3%,https://www.londonstockexchange.com/exchange/prices-and-markets/stocks/summary/company-summary/GB0031348658GBGBXSET1.html
Barratt Developments,BDEV,3%,https://www.londonstockexchange.com/exchange/prices-and-markets/stocks/summary/company-summary/GB0000811801GBGBXSET1.html
Berkeley Group Holdings,BKG,3%,https://www.londonstockexchange.com/exchange/prices-and-markets/stocks/summary/company-summary/GB00B02L3W35GBGBXSET1.html
BHP,BHP,3%,https://www.londonstockexchange.com/exchange/prices-and-markets/stocks/summary/company-summary/GB00BH0P3Z91GBGBXSET1.html
BP,BP.,3%,https://www.londonstockexchange.com/exchange/prices-and-markets/stocks/summary/company-summary/GB0007980591GBGBXSET1.html
British American Tobacco,BATS,3%,https://www.londonstockexchange.com/exchange/prices-and-markets/stocks/summary/company-summary/GB0002875804GBGBXSET1.html
British Land,BLND,3%,https://www.londonstockexchange.com/exchange/prices-and-markets/stocks/summary/company-summary/GB0001367019GBGBXSET1.html
BT Group,BT.A,3%,https://www.londonstockexchange.com/exchange/prices-and-markets/stocks/summary/company-summary/GB0030913577GBGBXSET1.html
Bunzl,BNZL,3%,https://www.londonstockexchange.com/exchange/prices-and-markets/stocks/summary/company-summary/GB00B0744B38GBGBXSET1.html
Burberry,BRBY,3%,https://www.londonstockexchange.com/exchange/prices-and-markets/stocks/summary/company-summary/GB0031743007GBGBXSET1.html
Carnival Corporation & plc,CCL,3%,https://www.londonstockexchange.com/exchange/prices-and-markets/stocks/summary/company-summary/GB0031215220GBGBXSET1.html
Centrica,CNA,3%,https://www.londonstockexchange.com/exchange/prices-and-markets/stocks/summary/company-summary/GB00B033F229GBGBXSET1.html
Coca-Cola HBC AG,CCH,3%,https://www.londonstockexchange.com/exchange/prices-and-markets/stocks/summary/company-summary/CH0198251305GBGBXSET1.html
Compass Group,CPG,3%,https://www.londonstockexchange.com/exchange/prices-and-markets/stocks/summary/company-summary/GB00BD6K4575GBGBXSET1.html
CRH plc,CRH,3%,https://www.londonstockexchange.com/exchange/prices-and-markets/stocks/summary/company-summary/IE0001827041IEGBXSET1.html
Croda International,CRDA,3%,https://www.londonstockexchange.com/exchange/prices-and-markets/stocks/summary/company-summary/GB00BYZWX769GBGBXSET1.html
DCC plc,DCC,3%,https://www.londonstockexchange.com/exchange/prices-and-markets/stocks/summary/company-summary/IE0002424939IEGBXSET1.html
Diageo,DGE,3%,https://www.londonstockexchange.com/exchange/prices-and-markets/stocks/summary/company-summary/GB0002374006GBGBXSET1.html
Direct Line Group,DLG,3%,https://www.londonstockexchange.com/exchange/prices-and-markets/stocks/summary/company-summary/GB00BY9D0Y18GBGBXSET1.html
easyJet,EZJ,3%,https://www.londonstockexchange.com/exchange/prices-and-markets/stocks/summary/company-summary/GB00B7KR2P84GBGBXSET1.html
Evraz,EVR,3%,https://www.londonstockexchange.com/exchange/prices-and-markets/stocks/summary/company-summary/GB00B71N6K86GBGBXSET1.html
Experian,EXPN,3%,https://www.londonstockexchange.com/exchange/prices-and-markets/stocks/summary/company-summary/GB00B19NLV48JEGBXSET1.html
Ferguson plc,FERG,3%,https://www.londonstockexchange.com/exchange/prices-and-markets/stocks/summary/company-summary/JE00BFYFZP55JEGBXSET1.html
Fresnillo plc,FRES,3%,https://www.londonstockexchange.com/exchange/prices-and-markets/stocks/summary/company-summary/GB00B2QPKJ12GBGBXSET1.html
GlaxoSmithKline,GSK,3%,https://www.londonstockexchange.com/exchange/prices-and-markets/stocks/summary/company-summary/GB0009252882GBGBXSET1.html
Glencore,GLEN,3%,https://www.londonstockexchange.com/exchange/prices-and-markets/stocks/summary/company-summary/JE00B4T3BW64JEGBXSET1.html
GVC Holdings,GVC,3%,https://www.londonstockexchange.com/exchange/prices-and-markets/stocks/summary/company-summary/IM00B5VQMV65IMGBXSET1.html
Halma,HLMA,3%,https://www.londonstockexchange.com/exchange/prices-and-markets/stocks/summary/company-summary/GB0004052071GBGBXSET1.html
Hargreaves Lansdown,HL.,3%,https://www.londonstockexchange.com/exchange/prices-and-markets/stocks/summary/company-summary/GB00B1VZ0M25GBGBXSET1.html
Hikma Pharmaceuticals,HIK,3%,https://www.londonstockexchange.com/exchange/prices-and-markets/stocks/summary/company-summary/GB00B0LCW083GBGBXSET1.html
Hiscox,HSX,3%,https://www.londonstockexchange.com/exchange/prices-and-markets/stocks/summary/company-summary/BMG4593F1389JEGBXSET1.html
HSBC,HSBA,3%,https://www.londonstockexchange.com/exchange/prices-and-markets/stocks/summary/company-summary/GB0005405286GBGBXSET1.html
Imperial Brands,IMB,3%,https://www.londonstockexchange.com/exchange/prices-and-markets/stocks/summary/company-summary/GB0005405286GBGBXSET1.html
Informa,INF,3%,https://www.londonstockexchange.com/exchange/prices-and-markets/stocks/summary/company-summary/GB00BMJ6DW54GBGBXSET1.html
InterContinental Hotels Group,IHG,3%,https://www.londonstockexchange.com/exchange/prices-and-markets/stocks/summary/company-summary/GB00BHJYC057GBGBXSET1.html
International Airlines Group,IAG,3%,https://www.londonstockexchange.com/exchange/prices-and-markets/stocks/summary/company-summary/ES0177542018GBGBXSET1.html
Intertek,ITRK,3%,https://www.londonstockexchange.com/exchange/prices-and-markets/stocks/summary/company-summary/GB0031638363GBGBXSET1.html
ITV plc,ITV,3%,https://www.londonstockexchange.com/exchange/prices-and-markets/stocks/summary/company-summary/GB0033986497GBGBXSET1.html
Johnson Matthey,JMAT,3%,https://www.londonstockexchange.com/exchange/prices-and-markets/stocks/summary/company-summary/GB00BZ4BQC70GBGBXSET1.html
Kingfisher plc,KGF,3%,https://www.londonstockexchange.com/exchange/prices-and-markets/stocks/summary/company-summary/GB0033195214GBGBXSET1.html
Land Securities,LAND,3%,https://www.londonstockexchange.com/exchange/prices-and-markets/stocks/summary/company-summary/GB00BYW0PQ60GBGBXSET1.html
Legal & General,LGEN,3%,https://www.londonstockexchange.com/exchange/prices-and-markets/stocks/summary/company-summary/GB0005603997GBGBXSET1.html
Lloyds Banking Group,LLOY,3%,https://www.londonstockexchange.com/exchange/prices-and-markets/stocks/summary/company-summary/GB0008706128GBGBXSET1.html
London Stock Exchange Group,LSE,3%,https://www.londonstockexchange.com/exchange/prices-and-markets/stocks/summary/company-summary/GB00B0SWJX34GBGBXSET1.html
Marks & Spencer,MKS,3%,https://www.londonstockexchange.com/exchange/prices-and-markets/stocks/summary/company-summary/GB0031274896GBGBXSET1.html
Melrose Industries,MRO,3%,https://www.londonstockexchange.com/exchange/prices-and-markets/stocks/summary/company-summary/GB00BZ1G4322GBGBXSET1.html
Micro Focus,MCRO,3%,https://www.londonstockexchange.com/exchange/prices-and-markets/stocks/summary/company-summary/GB00BD8YWM01GBGBXSET1.html
Mondi,MNDI,3%,https://www.londonstockexchange.com/exchange/prices-and-markets/stocks/summary/company-summary/GB00B1CRLC47GBGBXSET1.html
Morrisons,MRW,3%,https://www.londonstockexchange.com/exchange/prices-and-markets/stocks/summary/company-summary/GB0006043169GBGBXSET1.html
National Grid plc,NG.,3%,https://www.londonstockexchange.com/exchange/prices-and-markets/stocks/summary/company-summary/GB00BDR05C01GBGBXSET1.html
Next plc,NXT,3%,https://www.londonstockexchange.com/exchange/prices-and-markets/stocks/summary/company-summary/GB0032089863GBGBXSET1.html
NMC Health,NMC,3%,https://www.londonstockexchange.com/exchange/prices-and-markets/stocks/summary/company-summary/GB00B7FC0762GBGBXSET1.html
Ocado,OCDO,3%,https://www.londonstockexchange.com/exchange/prices-and-markets/stocks/summary/company-summary/GB00B3MBS747GBGBXSET1.html
Paddy Power Betfair,PPB,3%,https://www.londonstockexchange.com/exchange/prices-and-markets/stocks/summary/company-summary/IE00BWT6H894IEGBXSET1.html
Pearson plc,PSON,3%,https://www.londonstockexchange.com/exchange/prices-and-markets/stocks/summary/company-summary/GB0006776081GBGBXSET1.html
Persimmon plc,PSN,3%,https://www.londonstockexchange.com/exchange/prices-and-markets/stocks/summary/company-summary/GB0006825383GBGBXSET1.html
Prudential plc,PRU,3%,https://www.londonstockexchange.com/exchange/prices-and-markets/stocks/summary/company-summary/GB0007099541GBGBXSET1.html
Reckitt Benckiser,RB.,3%,https://www.londonstockexchange.com/exchange/prices-and-markets/stocks/summary/company-summary/GB00B24CGK77GBGBXSET1.html
RELX Group,REL,3%,https://www.londonstockexchange.com/exchange/prices-and-markets/stocks/summary/company-summary/GB00B2B0DG97GBGBXSET1.html
Rentokil Initial,RTO,3%,https://www.londonstockexchange.com/exchange/prices-and-markets/stocks/summary/company-summary/GB00B082RF11GBGBXSET1.html
Rio Tinto Group,RIO,3%,https://www.londonstockexchange.com/exchange/prices-and-markets/stocks/summary/company-summary/GB0007188757GBGBXSET1.html
Rightmove,RMV,3%,https://www.londonstockexchange.com/exchange/prices-and-markets/stocks/summary/company-summary/GB00BGDT3G23GBGBXSET1.html
Rolls-Royce Holdings,RR.,3%,https://www.londonstockexchange.com/exchange/prices-and-markets/stocks/summary/company-summary/GB00B63H8491GBGBXSET1.html
Royal Bank of Scotland Group,RBS,3%,https://www.londonstockexchange.com/exchange/prices-and-markets/stocks/summary/company-summary/GB00B7T77214GBGBXSET1.html
Royal Dutch Shell,RDSA,3%,https://www.londonstockexchange.com/exchange/prices-and-markets/stocks/summary/company-summary/GB00B03MLX29GBGBXSET1.html
RSA Insurance Group,RSA,3%,https://www.londonstockexchange.com/exchange/prices-and-markets/stocks/summary/company-summary/GB00BKKMKR23GBGBXSET1.html
Sage Group,SGE,3%,https://www.londonstockexchange.com/exchange/prices-and-markets/stocks/summary/company-summary/GB00B8C3BL03GBGBXSET1.html
Sainsbury's,SBRY,3%,https://www.londonstockexchange.com/exchange/prices-and-markets/stocks/summary/company-summary/GB00B019KW72GBGBXSET1.html
Schroders,SDR,3%,https://www.londonstockexchange.com/exchange/prices-and-markets/stocks/summary/company-summary/GB0002405495GBGBXSET1.html
Scottish Mortgage Investment Trust,SMT,3%,https://www.londonstockexchange.com/exchange/prices-and-markets/stocks/summary/company-summary/GB00BLDYK618GBGBXSET1.html
Segro,SGRO,3%,https://www.londonstockexchange.com/exchange/prices-and-markets/stocks/summary/company-summary/GB00B5ZN1N88GBGBXSET1.html
Severn Trent,SVT,3%,https://www.londonstockexchange.com/exchange/prices-and-markets/stocks/summary/company-summary/GB00B1FH8J72GBGBXSET1.html
Smith & Nephew,SN.,3%,https://www.londonstockexchange.com/exchange/prices-and-markets/stocks/summary/company-summary/GB0009223206GBGBXSET1.html
"Smith, D.S.",SMDS,3%,https://www.londonstockexchange.com/exchange/prices-and-markets/stocks/summary/company-summary/GB0008220112GBGBXSET1.html
Smiths Group,SMIN,3%,https://www.londonstockexchange.com/exchange/prices-and-markets/stocks/summary/company-summary/GB00B1WY2338GBGBXSET1.html
Smurfit Kappa,SKG,3%,https://www.londonstockexchange.com/exchange/prices-and-markets/stocks/summary/company-summary/IE00B1RR8406IEGBXSET1.html
Spirax-Sarco Engineering,SPX,3%,https://www.londonstockexchange.com/exchange/prices-and-markets/stocks/summary/company-summary/GB00BWFGQN14GBGBXSET1.html
SSE plc,SSE,3%,https://www.londonstockexchange.com/exchange/prices-and-markets/stocks/summary/company-summary/GB0007908733GBGBXSET1.html
Standard Chartered,STAN,3%,https://www.londonstockexchange.com/exchange/prices-and-markets/stocks/summary/company-summary/GB0004082847GBGBXSET1.html
Standard Life Aberdeen,SLA,3%,https://www.londonstockexchange.com/exchange/prices-and-markets/stocks/summary/company-summary/GB00BF8Q6K64GBGBXSET1.html
St. James's Place plc,STJ,3%,https://www.londonstockexchange.com/exchange/prices-and-markets/stocks/summary/company-summary/GB0007669376GBGBXSET1.html
Taylor Wimpey,TW.,3%,https://www.londonstockexchange.com/exchange/prices-and-markets/stocks/summary/company-summary/GB0008782301GBGBXSET1.html
Tesco,TSCO,3%,https://www.londonstockexchange.com/exchange/prices-and-markets/stocks/summary/company-summary/GB0008847096GBGBXSET1.html
TUI Group,TUI,3%,https://www.londonstockexchange.com/exchange/prices-and-markets/stocks/summary/company-summary/DE000TUAG000GBGBXSET1.html
Unilever,ULVR,3%,https://www.londonstockexchange.com/exchange/prices-and-markets/stocks/summary/company-summary/GB00B10RZP78GBGBXSET1.html
United Utilities,UU.,3%,https://www.londonstockexchange.com/exchange/prices-and-markets/stocks/summary/company-summary/GB00B39J2M42GBGBXSET1.html
Vodafone Group,VOD,3%,https://www.londonstockexchange.com/exchange/prices-and-markets/stocks/summary/company-summary/GB00BH4HKS39GBGBXSET1.html
Whitbread,WTB,3%,https://www.londonstockexchange.com/exchange/prices-and-markets/stocks/summary/company-summary/GB00B1KJJ408GBGBXSET1.html
Wood Group,WG.,3%,https://www.londonstockexchange.com/exchange/prices-and-markets/stocks/summary/company-summary/GB00B5N0P849GBGBXSET1.html
WPP plc,WPP,3%,https://www.londonstockexchange.com/exchange/prices-and-markets/stocks/summary/company-summary/JE00B8KF9B49JEGBXSET1.html
3i Infrastructure,3IN,3%,https://www.londonstockexchange.com/exchange/prices-and-markets/stocks/summary/company-summary/JE00BF5FX167JEGBXSTMM.html
888 Holdings,888,3%,https://www.londonstockexchange.com/exchange/prices-and-markets/stocks/summary/company-summary/GI000A0F6407GBGBXSTMM.html
Aberforth Smaller Companies Trust,ASL,3%,https://www.londonstockexchange.com/exchange/prices-and-markets/stocks/summary/company-summary/GB0000066554GBGBXSTMM.html
Acacia Mining,ACA,3%,https://www.londonstockexchange.com/exchange/prices-and-markets/stocks/summary/company-summary/GB00B61D2N63GBGBXSTMM.html
Aggreko,AGK,3%,https://www.londonstockexchange.com/exchange/prices-and-markets/stocks/summary/company-summary/GB00BK1PTB77GBGBXSTMM.html
Alliance Trust,ATST,3%,https://www.londonstockexchange.com/exchange/prices-and-markets/stocks/summary/company-summary/GB00B11V7W98GBGBXSTMM.html
Amigo,AMGO,3%,https://www.londonstockexchange.com/exchange/prices-and-markets/stocks/summary/company-summary/GB00BFFK8T45GBGBXSTMM.html
Apax Global Alpha,APAX,3%,https://www.londonstockexchange.com/exchange/prices-and-markets/stocks/summary/company-summary/GG00BWWYMV85GGGBXSTMM.html
Ascential,ASCL,3%,https://www.londonstockexchange.com/exchange/prices-and-markets/stocks/summary/company-summary/GB00BYM8GJ06GBGBXSTMM.html
Ashmore Group,ASHM,3%,https://www.londonstockexchange.com/exchange/prices-and-markets/stocks/summary/company-summary/GB00B132NW22GBGBXSTMM.html
Assura,AGR,3%,https://www.londonstockexchange.com/exchange/prices-and-markets/stocks/summary/company-summary/GB00BVGBWW93GBGBXSTMM.html
Aston Martin Lagonda,AML,3%,https://www.londonstockexchange.com/exchange/prices-and-markets/stocks/summary/company-summary/GB00BFXZC448GBGBXSTMM.html
Avast,AVST,3%,https://www.londonstockexchange.com/exchange/prices-and-markets/stocks/summary/company-summary/GB00BDD85M81GBGBXSTMM.html
Aveva,AVV,3%,https://www.londonstockexchange.com/exchange/prices-and-markets/stocks/summary/company-summary/GB00BBG9VN75GBGBXSTMM.html
Babcock International,BAB,3%,https://www.londonstockexchange.com/exchange/prices-and-markets/stocks/summary/company-summary/GB0009697037GBGBXSTMM.html
Baillie Gifford Japan Trust,BGFD,3%,https://www.londonstockexchange.com/exchange/prices-and-markets/stocks/summary/company-summary/GB0000485838GBGBXSTMM.html
Bakkav√∂r,BAKK,3%,https://www.londonstockexchange.com/exchange/prices-and-markets/stocks/summary/company-summary/GB00BF8J3Z99GBGBXSTMM.html
Balfour Beatty,BBY,3%,https://www.londonstockexchange.com/exchange/prices-and-markets/stocks/summary/company-summary/GB0000961622GBGBXSTMM.html
Bankers Investment Trust,BNKR,3%,https://www.londonstockexchange.com/exchange/prices-and-markets/stocks/summary/company-summary/GB0000767003GBGBXSTMM.html
"Barr, A.G.",BAG,3%,https://www.londonstockexchange.com/exchange/prices-and-markets/stocks/summary/company-summary/GB00B6XZKY75GBGBXSTMM.html
BBA Aviation,BBA,3%,https://www.londonstockexchange.com/exchange/prices-and-markets/stocks/summary/company-summary/GB00B1FP8915GBGBXSTMM.html
BBGI,BBGI,3%,https://www.londonstockexchange.com/exchange/prices-and-markets/stocks/summary/company-summary/LU0686550053GBGBXSTMM.html
BCA Marketplace,BCA,3%,https://www.londonstockexchange.com/exchange/prices-and-markets/stocks/summary/company-summary/GB00BP0S1D85GBGBXSTMM.html
Bank of Georgia,BGEO,3%,https://www.londonstockexchange.com/exchange/prices-and-markets/stocks/summary/company-summary/GB00BF4HYT85GBGBXSTMM.html
Beazley Group,BEZ,3%,https://www.londonstockexchange.com/exchange/prices-and-markets/stocks/summary/company-summary/GB00BYQ0JC66GBGBXSTMM.html
Bellway,BWY,3%,https://www.londonstockexchange.com/exchange/prices-and-markets/stocks/summary/company-summary/GB0000904986GBGBXSTMM.html
Big Yellow Group,BYG,3%,https://www.londonstockexchange.com/exchange/prices-and-markets/stocks/summary/company-summary/GB0002869419GBGBXSTMM.html
B & M European Retail Value,BME,3%,https://www.londonstockexchange.com/exchange/prices-and-markets/stocks/summary/company-summary/LU1072616219GBGBXSTMM.html
BlackRock Smaller Companies Trust,BRSC,3%,https://www.londonstockexchange.com/exchange/prices-and-markets/stocks/summary/company-summary/GB0006436108GBGBXSTMM.html
BMO Global Smaller Companies,BGSC,3%,https://www.londonstockexchange.com/exchange/prices-and-markets/stocks/summary/company-summary/GB0000175058GBGBXSTMM.html
Bodycote,BOY,3%,https://www.londonstockexchange.com/exchange/prices-and-markets/stocks/summary/company-summary/GB00B3FLWH99GBGBXSTMM.html
Bovis Homes Group,BVS,3%,https://www.londonstockexchange.com/exchange/prices-and-markets/stocks/summary/company-summary/GB0001859296GBGBXSTMM.html
Brewin Dolphin Holdings,BRW,3%,https://www.londonstockexchange.com/exchange/prices-and-markets/stocks/summary/company-summary/GB0001765816GBGBXSTMM.html
British Empire Trust,BTEM,3%,https://www.londonstockexchange.com/exchange/prices-and-markets/stocks/summary/company-summary/GB0001335081GBGBXSTMM.html
Britvic,BVIC,3%,https://www.londonstockexchange.com/exchange/prices-and-markets/stocks/summary/company-summary/GB00B0N8QD54GBGBXSTMM.html
BTG,BTG,3%,https://www.londonstockexchange.com/exchange/prices-and-markets/stocks/summary/company-summary/GB0001001592GBGBXSTMM.html
Cairn Energy,CNE,3%,https://www.londonstockexchange.com/exchange/prices-and-markets/stocks/summary/company-summary/GB00B74CDH82GBGBXSTMM.html
Caledonia Investments,CLDN,3%,https://www.londonstockexchange.com/exchange/prices-and-markets/stocks/summary/company-summary/GB0001639920GBGBXSTMM.html
Capita,CPI,3%,https://www.londonstockexchange.com/exchange/prices-and-markets/stocks/summary/company-summary/GB00B23K0M20GBGBXSTMM.html
Capital & Counties Properties,CAPC,3%,https://www.londonstockexchange.com/exchange/prices-and-markets/stocks/summary/company-summary/GB00B62G9D36GBGBXSTMM.html
Card Factory,CARD,3%,https://www.londonstockexchange.com/exchange/prices-and-markets/stocks/summary/company-summary/GB00BLY2F708GBGBXSTMM.html
Centamin,CEY,3%,https://www.londonstockexchange.com/exchange/prices-and-markets/stocks/summary/company-summary/JE00B5TT1872JEGBXSTMM.html
Charter Court Financial Services,CCFS,3%,https://www.londonstockexchange.com/exchange/prices-and-markets/stocks/summary/company-summary/GB00BD822578GBGBXSTMM.html
Cineworld,CINE,3%,https://www.londonstockexchange.com/exchange/prices-and-markets/stocks/summary/company-summary/GB00B15FWH70GBGBXSTMM.html
City of London Investment Trust,CTY,3%,https://www.londonstockexchange.com/exchange/prices-and-markets/stocks/summary/company-summary/GB0001990497GBGBXSTMM.html
Civitas Social Housing,CSH,3%,https://www.londonstockexchange.com/exchange/prices-and-markets/stocks/summary/company-summary/GB00BD8HBD32GBGBXSTMM.html
Clarkson,CKN,3%,https://www.londonstockexchange.com/exchange/prices-and-markets/stocks/summary/company-summary/GB0002018363GBGBXSTMM.html
Close Brothers Group,CBG,3%,https://www.londonstockexchange.com/exchange/prices-and-markets/stocks/summary/company-summary/GB0007668071GBGBXSTMM.html
CLS Holdings,CLI,3%,https://www.londonstockexchange.com/exchange/prices-and-markets/stocks/summary/company-summary/GB00BF044593GBGBXSTMM.html
Coats,COA,3%,https://www.londonstockexchange.com/exchange/prices-and-markets/stocks/summary/company-summary/GB00B4YZN328GBGBXSTMM.html
Cobham,COB,3%,https://www.londonstockexchange.com/exchange/prices-and-markets/stocks/summary/company-summary/GB00B07KD360GBGBXSTMM.html
Computacenter,CCC,3%,https://www.londonstockexchange.com/exchange/prices-and-markets/stocks/summary/company-summary/GB00BV9FP302GBGBXSTMM.html
ContourGlobal,GLO,3%,https://www.londonstockexchange.com/exchange/prices-and-markets/stocks/summary/company-summary/GB00BF448H58GBGBXSTMM.html
ConvaTec,CTEC,3%,https://www.londonstockexchange.com/exchange/prices-and-markets/stocks/summary/company-summary/GB00BD3VFW73GBGBXSTMM.html
Countryside Properties,CSP,3%,https://www.londonstockexchange.com/exchange/prices-and-markets/stocks/summary/company-summary/GB00BYPHNG03GBGBXSTMM.html
Cranswick,CWK,3%,https://www.londonstockexchange.com/exchange/prices-and-markets/stocks/summary/company-summary/GB0002318888GBGBXSTMM.html
Crest Nicholson,CRST,3%,https://www.londonstockexchange.com/exchange/prices-and-markets/stocks/summary/company-summary/GB00B8VZXT93GBGBXSTMM.html
CYBG,CYBG,3%,https://www.londonstockexchange.com/exchange/prices-and-markets/stocks/summary/company-summary/GB00BD6GN030GBGBXSTMM.html
Daejan Holdings,DJAN,3%,https://www.londonstockexchange.com/exchange/prices-and-markets/stocks/summary/company-summary/GB0002502036GBGBXSTMM.html
Dairy Crest,DCG,3%,https://www.londonstockexchange.com/exchange/prices-and-markets/stocks/summary/company-summary/GB0002502812GBGBXSTMM.html
Dechra Pharmaceuticals,DPH,3%,https://www.londonstockexchange.com/exchange/prices-and-markets/stocks/summary/company-summary/GB0009633180GBGBXSTMM.html
Derwent London,DLN,3%,https://www.londonstockexchange.com/exchange/prices-and-markets/stocks/summary/company-summary/GB0002652740GBGBXSTMM.html
Diploma,DPLM,3%,https://www.londonstockexchange.com/exchange/prices-and-markets/stocks/summary/company-summary/GB0001826634GBGBXSTMM.html
Dixons Carphone,DC.,3%,https://www.londonstockexchange.com/exchange/prices-and-markets/stocks/summary/company-summary/GB00B4Y7R145GBGBXSTMM.html
Domino's Pizza,DOM,3%,https://www.londonstockexchange.com/exchange/prices-and-markets/stocks/summary/company-summary/GB00BYN59130GBGBXSTMM.html
Drax Group,DRX,3%,https://www.londonstockexchange.com/exchange/prices-and-markets/stocks/summary/company-summary/GB00B1VNSX38GBGBXSTMM.html
Dunelm Group,DNLM,3%,https://www.londonstockexchange.com/exchange/prices-and-markets/stocks/summary/company-summary/GB00B1CKQ739GBGBXSTMM.html
Edinburgh Dragon Trust,EFM,3%,https://www.londonstockexchange.com/exchange/prices-and-markets/stocks/summary/company-summary/GB0002945029GBGBXSTMM.html
Edinburgh Investment Trust,EDIN,3%,https://www.londonstockexchange.com/exchange/prices-and-markets/stocks/summary/company-summary/GB0003052338GBGBXSTMM.html
Ei Group,EIG,3%,https://www.londonstockexchange.com/exchange/prices-and-markets/stocks/summary/company-summary/GB00B1L8B624GBGBXSTMM.html
Electrocomponents,ECM,3%,https://www.londonstockexchange.com/exchange/prices-and-markets/stocks/summary/company-summary/GB0003096442GBGBXSTMM.html
Elementis,ELM,3%,https://www.londonstockexchange.com/exchange/prices-and-markets/stocks/summary/company-summary/GB0002418548GBGBXSTMM.html
Energean Oil & Gas,ENOG,3%,https://www.londonstockexchange.com/exchange/prices-and-markets/stocks/summary/company-summary/GB00BG12Y042GBGBXSTMM.html
Entertainment One,ETO,3%,https://www.londonstockexchange.com/exchange/prices-and-markets/stocks/summary/company-summary/CA29382B1022JEGBXSTMM.html
Equiniti,EQN,3%,https://www.londonstockexchange.com/exchange/prices-and-markets/stocks/summary/company-summary/GB00BYWWHR75GBGBXSTMM.html
Essentra,ESNT,3%,https://www.londonstockexchange.com/exchange/prices-and-markets/stocks/summary/company-summary/GB00B0744359GBGBXSTMM.html
Euromoney Institutional Investor,ERM,3%,https://www.londonstockexchange.com/exchange/prices-and-markets/stocks/summary/company-summary/GB0006886666GBGBXSTMM.html
F&C Commercial Property Trust,FCPT,3%,https://www.londonstockexchange.com/exchange/prices-and-markets/stocks/summary/company-summary/GG00B4ZPCJ00GGGBXSTMM.html
FDM Group,FDM,3%,https://www.londonstockexchange.com/exchange/prices-and-markets/stocks/summary/company-summary/GB00BLWDVP51GBGBXSTMM.html
Ferrexpo,FXPO,3%,https://www.londonstockexchange.com/exchange/prices-and-markets/stocks/summary/company-summary/GB00B1XH2C03GBGBXSTMM.html
Fidelity China Special Situations,FCSS,3%,https://www.londonstockexchange.com/exchange/prices-and-markets/stocks/summary/company-summary/GB00B62Z3C74GBGBXSTMM.html
Fidelity European Values,FEV,3%,https://www.londonstockexchange.com/exchange/prices-and-markets/stocks/summary/company-summary/GB00BK1PKQ95GBGBXSTMM.html
Fidelity Special Values,FSV,3%,https://www.londonstockexchange.com/exchange/prices-and-markets/stocks/summary/company-summary/GB00BWXC7Y93GBGBXSTMM.html
Finsbury Growth & Income Trust,FGT,3%,https://www.londonstockexchange.com/exchange/prices-and-markets/stocks/summary/company-summary/GB0007816068GBGBXSTMM.html
FirstGroup,FGP,3%,https://www.londonstockexchange.com/exchange/prices-and-markets/stocks/summary/company-summary/GB0003452173GBGBXSTMM.html
"Fisher, James & Sons",FSJ,3%,https://www.londonstockexchange.com/exchange/prices-and-markets/stocks/summary/company-summary/GB0003395000GBGBXSTMM.html
Foreign & Colonial Investment Trust,FCIT,3%,https://www.londonstockexchange.com/exchange/prices-and-markets/stocks/summary/company-summary/GB0003466074GBGBXSTMM.html
Funding Circle,FCH,3%,https://www.londonstockexchange.com/exchange/prices-and-markets/stocks/summary/company-summary/GB00BG0TPX62GBGBXSTMM.html
G4S,GFS,3%,https://www.londonstockexchange.com/exchange/prices-and-markets/stocks/summary/company-summary/GB00B01FLG62GBGBXSTMM.html
Galliford Try,GFRD,3%,https://www.londonstockexchange.com/exchange/prices-and-markets/stocks/summary/company-summary/GB00B3Y2J508GBGBXSTMM.html
Games Workshop,GAW,3%,https://www.londonstockexchange.com/exchange/prices-and-markets/stocks/summary/company-summary/GB0003718474GBGBXSTMM.html
GCP Infrastructure Investments,GCP,3%,https://www.londonstockexchange.com/exchange/prices-and-markets/stocks/summary/company-summary/JE00B6173J15JEGBXSTMM.html
Genesis Emerging Markets Fund,GSS,3%,https://www.londonstockexchange.com/exchange/prices-and-markets/stocks/summary/company-summary/GG00B4L0PD47GBGBXSTMM.html
Genus,GNS,3%,https://www.londonstockexchange.com/exchange/prices-and-markets/stocks/summary/company-summary/GB0002074580GBGBXSTMM.html
Go-Ahead Group,GOG,3%,https://www.londonstockexchange.com/exchange/prices-and-markets/stocks/summary/company-summary/GB0003753778GBGBXSTMM.html
Grafton Group,GFTU,3%,https://www.londonstockexchange.com/exchange/prices-and-markets/stocks/summary/company-summary/IE00B00MZ448IEGBXSTMM.html
Grainger,GRI,3%,https://www.londonstockexchange.com/exchange/prices-and-markets/stocks/summary/company-summary/GB00B04V1276GBGBXSTMM.html
Great Portland Estates,GPOR,3%,https://www.londonstockexchange.com/exchange/prices-and-markets/stocks/summary/company-summary/GB00BF5H9P87GBGBXSTMM.html
Greencoat UK Wind,UKW,3%,https://www.londonstockexchange.com/exchange/prices-and-markets/stocks/summary/company-summary/GB00B8SC6K54GBGBXSTMM.html
Greencore,GNC,3%,https://www.londonstockexchange.com/exchange/prices-and-markets/stocks/summary/company-summary/IE0003864109IEGBXSTMM.html
Greene King,GNK,3%,https://www.londonstockexchange.com/exchange/prices-and-markets/stocks/summary/company-summary/GB00B0HZP136GBGBXSTMM.html
Greggs,GRG,3%,https://www.londonstockexchange.com/exchange/prices-and-markets/stocks/summary/company-summary/GB00B63QSB39GBGBXSTMM.html
Halfords Group,HFD,3%,https://www.londonstockexchange.com/exchange/prices-and-markets/stocks/summary/company-summary/GB00B012TP20GBGBXSTMM.html
Hammerson,HMSO,3%,https://www.londonstockexchange.com/exchange/prices-and-markets/stocks/summary/company-summary/GB0004065016GBGBXSTMM.html
HarbourVest Global Private Equity,HVPE,3%,https://www.londonstockexchange.com/exchange/prices-and-markets/stocks/summary/company-summary/GG00BR30MJ80GBGBXSTMM.html
Hastings Group,HSTG,3%,https://www.londonstockexchange.com/exchange/prices-and-markets/stocks/summary/company-summary/GB00BYRJH519GBGBXSTMM.html
Hays,HAS,3%,https://www.londonstockexchange.com/exchange/prices-and-markets/stocks/summary/company-summary/GB0004161021GBGBXSTMM.html
Herald Investment Trust,HRI,3%,https://www.londonstockexchange.com/exchange/prices-and-markets/stocks/summary/company-summary/GB0004228648GBGBXSTMM.html
Hg Capital Trust,HGT,3%,https://www.londonstockexchange.com/exchange/prices-and-markets/stocks/summary/company-summary/GB0003921052GBGBXSTMM.html
HICL Infrastructure Company,HICL,3%,https://www.londonstockexchange.com/exchange/prices-and-markets/stocks/summary/company-summary/GB00B0T4LH64GGGBXSTMM.html
Hill & Smith,HILS,3%,https://www.londonstockexchange.com/exchange/prices-and-markets/stocks/summary/company-summary/GB0004270301GBGBXSTMM.html
Hilton Food Group,HFG,3%,https://www.londonstockexchange.com/exchange/prices-and-markets/stocks/summary/company-summary/GB00B1V9NW54GBGBXSTMM.html
Hochschild Mining,HOC,3%,https://www.londonstockexchange.com/exchange/prices-and-markets/stocks/summary/company-summary/GB00B1FW5029GBGBXSTMM.html
Homeserve,HSV,3%,https://www.londonstockexchange.com/exchange/prices-and-markets/stocks/summary/company-summary/GB00BYYTFB60GBGBXSTMM.html
Howden Joinery,HWDN,3%,https://www.londonstockexchange.com/exchange/prices-and-markets/stocks/summary/company-summary/GB0005576813GBGBXSTMM.html
Hunting,HTG,3%,https://www.londonstockexchange.com/exchange/prices-and-markets/stocks/summary/company-summary/GB0004478896GBGBXSTMM.html
Ibstock,IBST,3%,https://www.londonstockexchange.com/exchange/prices-and-markets/stocks/summary/company-summary/GB00BYXJC278GBGBXSTMM.html
IG Group Holdings,IGG,3%,https://www.londonstockexchange.com/exchange/prices-and-markets/stocks/summary/company-summary/GB00B06QFB75GBGBXSTMM.html
IMI,IMI,3%,https://www.londonstockexchange.com/exchange/prices-and-markets/stocks/summary/company-summary/GB00BGLP8L22GBGBXSTMM.html
Inchcape,INCH,3%,https://www.londonstockexchange.com/exchange/prices-and-markets/stocks/summary/company-summary/GB00B61TVQ02GBGBXSTMM.html
Indivior,INDV,3%,https://www.londonstockexchange.com/exchange/prices-and-markets/stocks/summary/company-summary/GB00BRS65X63GBGBXSTMM.html
Inmarsat,ISAT,3%,https://www.londonstockexchange.com/exchange/prices-and-markets/stocks/summary/company-summary/GB00B09LSH68GBGBXSTMM.html
IntegraFin Holdings,IHP,3%,https://www.londonstockexchange.com/exchange/prices-and-markets/stocks/summary/company-summary/GB00BD45SH49GBGBXSTMM.html
Intermediate Capital Group,ICP,3%,https://www.londonstockexchange.com/exchange/prices-and-markets/stocks/summary/company-summary/GB00BYT1DJ19GBGBXSTMM.html
International Public Partnerships,INPP,3%,https://www.londonstockexchange.com/exchange/prices-and-markets/stocks/summary/company-summary/GB00B188SR50GGGBXSTMM.html
Intu Properties,INTU,3%,https://www.londonstockexchange.com/exchange/prices-and-markets/stocks/summary/company-summary/GB0006834344GBGBXSTMM.html
Investec,INVP,3%,https://www.londonstockexchange.com/exchange/prices-and-markets/stocks/summary/company-summary/GB00B17BBQ50GBGBXSTMM.html
IP Group,IPO,3%,https://www.londonstockexchange.com/exchange/prices-and-markets/stocks/summary/company-summary/GB00B128J450GBGBXSTMM.html
IWG,IWG,3%,https://www.londonstockexchange.com/exchange/prices-and-markets/stocks/summary/company-summary/JE00BYVQYS01JEGBXSTMM.html
Jardine Lloyd Thompson,JLT,3%,https://www.londonstockexchange.com/exchange/prices-and-markets/stocks/summary/company-summary/GB0005203376GBGBXSTMM.html
JD Sports,JD.,3%,https://www.londonstockexchange.com/exchange/prices-and-markets/stocks/summary/company-summary/GB00BYX91H57GBGBXSTMM.html
John Laing Group,JLG,3%,https://www.londonstockexchange.com/exchange/prices-and-markets/stocks/summary/company-summary/GB00BVC3CB83GBGBXSTMM.html
JPMorgan American Investment Trust,JAM,3%,https://www.londonstockexchange.com/exchange/prices-and-markets/stocks/summary/company-summary/GB00BKZGVH64GBGBXSTMM.html
JPMorgan Emerging Markets Investment Trust,JMG,3%,https://www.londonstockexchange.com/exchange/prices-and-markets/stocks/summary/company-summary/GB0003418950GBGBXSTMM.html
JPMorgan Indian Investment Trust,JII,3%,https://www.londonstockexchange.com/exchange/prices-and-markets/stocks/summary/company-summary/GB0003450359GBGBXSTMM.html
JPMorgan Japanese Investment Trust,JFJ,3%,https://www.londonstockexchange.com/exchange/prices-and-markets/stocks/summary/company-summary/GB0001740025GBGBXSTMM.html
Jupiter European Opportunities Trust,JEO,3%,https://www.londonstockexchange.com/exchange/prices-and-markets/stocks/summary/company-summary/GB0000197722GBGBXSTMM.html
Jupiter Fund Management,JUP,3%,https://www.londonstockexchange.com/exchange/prices-and-markets/stocks/summary/company-summary/GB00B53P2009GBGBXSTMM.html
Just Eat,JE.,3%,https://www.londonstockexchange.com/exchange/prices-and-markets/stocks/summary/company-summary/GB00BKX5CN86GBGBXSTMM.html
Just Group,JUST,3%,https://www.londonstockexchange.com/exchange/prices-and-markets/stocks/summary/company-summary/GB00BCRX1J15GBGBXSTMM.html
KAZ Minerals,KAZ,3%,https://www.londonstockexchange.com/exchange/prices-and-markets/stocks/summary/company-summary/GB00B0HZPV38GBGBXSTMM.html
Lancashire Holdings,LRE,3%,https://www.londonstockexchange.com/exchange/prices-and-markets/stocks/summary/company-summary/BMG5361W1047GBGBXSTMM.html
LondonMetric Property,LMP,3%,https://www.londonstockexchange.com/exchange/prices-and-markets/stocks/summary/company-summary/GB00B4WFW713GGGBXSTMM.html
Man Group,EMG,3%,https://www.londonstockexchange.com/exchange/prices-and-markets/stocks/summary/company-summary/GB00B83VD954GBGBXSTMM.html
Marshalls,MSLH,3%,https://www.londonstockexchange.com/exchange/prices-and-markets/stocks/summary/company-summary/GB00B012BV22GBGBXSTMM.html
McCarthy & Stone,MCS,3%,https://www.londonstockexchange.com/exchange/prices-and-markets/stocks/summary/company-summary/GB00BYNVD082GBGBXSTMM.html
Mediclinic International,MDC,3%,https://www.londonstockexchange.com/exchange/prices-and-markets/stocks/summary/company-summary/GB00B8HX8Z88GBGBXSTMM.html
Meggitt,MGGT,3%,https://www.londonstockexchange.com/exchange/prices-and-markets/stocks/summary/company-summary/GB0005758098GBGBXSTMM.html
Mercantile Investment Trust,MRC,3%,https://www.londonstockexchange.com/exchange/prices-and-markets/stocks/summary/company-summary/GB00BF4JDH58GBGBXSTMM.html
Merlin Entertainments,MERL,3%,https://www.londonstockexchange.com/exchange/prices-and-markets/stocks/summary/company-summary/GB00BDZT6P94GBGBXSTMM.html
Metro Bank,MTRO,3%,https://www.londonstockexchange.com/exchange/prices-and-markets/stocks/summary/company-summary/GB00BZ6STL67GBGBXSTMM.html
Millennium & Copthorne Hotels,MLC,3%,https://www.londonstockexchange.com/exchange/prices-and-markets/stocks/summary/company-summary/GB0005622542GBGBXSTMM.html
Mitchells & Butlers,MAB,3%,https://www.londonstockexchange.com/exchange/prices-and-markets/stocks/summary/company-summary/GB00B1FP6H53GBGBXSTMM.html
Moneysupermarket.com Group,MONY,3%,https://www.londonstockexchange.com/exchange/prices-and-markets/stocks/summary/company-summary/GB00B1ZBKY84GBGBXSTMM.html
Monks Investment Trust,MNKS,3%,https://www.londonstockexchange.com/exchange/prices-and-markets/stocks/summary/company-summary/GB0030517261GBGBXSTMM.html
Morgan Advanced Materials,MGAM,3%,https://www.londonstockexchange.com/exchange/prices-and-markets/stocks/summary/company-summary/GB0006027295GBGBXSTMM.html
Murray International Trust,MYI,3%,https://www.londonstockexchange.com/exchange/prices-and-markets/stocks/summary/company-summary/GB0006111909GBGBXSTMM.html
National Express Group,NEX,3%,https://www.londonstockexchange.com/exchange/prices-and-markets/stocks/summary/company-summary/GB0006215205GBGBXSTMM.html
NB Global,NBLS,3%,https://www.londonstockexchange.com/exchange/prices-and-markets/stocks/summary/company-summary/GG00B3KX4Q34GGGBXSTMM.html
NewRiver,NRR,3%,https://www.londonstockexchange.com/exchange/prices-and-markets/stocks/summary/company-summary/GB00BD7XPJ64GBGBXSTMM.html
OneSavings Bank,OSB,3%,https://www.londonstockexchange.com/exchange/prices-and-markets/stocks/summary/company-summary/GB00BM7S7K96GBGBXSTMM.html
PageGroup,PAGE,3%,https://www.londonstockexchange.com/exchange/prices-and-markets/stocks/summary/company-summary/GB0030232317GBGBXSTMM.html
Pantheon International,PIN,3%,https://www.londonstockexchange.com/exchange/prices-and-markets/stocks/summary/company-summary/GB0004148507GBGBXSTMM.html
Paragon Banking Group,PAG,3%,https://www.londonstockexchange.com/exchange/prices-and-markets/stocks/summary/company-summary/GB00B2NGPM57GBGBXSTMM.html
Pennon Group,PNN,3%,https://www.londonstockexchange.com/exchange/prices-and-markets/stocks/summary/company-summary/GB00B18V8630GBGBXSTMM.html
Perpetual Income & Growth Investment Trust,PLI,3%,https://www.londonstockexchange.com/exchange/prices-and-markets/stocks/summary/company-summary/GB0006798424GBGBXSTMM.html
Pershing Square Holdings,PSH,3%,https://www.londonstockexchange.com/exchange/prices-and-markets/stocks/summary/company-summary/GG00BPFJTF46GGGBXSTMM.html
Personal Assets Trust,PNL,3%,https://www.londonstockexchange.com/exchange/prices-and-markets/stocks/summary/company-summary/GB0006827546GBGBXSTMM.html
Petrofac,PFC,3%,https://www.londonstockexchange.com/exchange/prices-and-markets/stocks/summary/company-summary/GB00B0H2K534JEGBXSTMM.html
Phoenix Group Holdings,PHNX,3%,https://www.londonstockexchange.com/exchange/prices-and-markets/stocks/summary/company-summary/GB00BGXQNP29GBGBXSTMM.html
Playtech,PTEC,3%,https://www.londonstockexchange.com/exchange/prices-and-markets/stocks/summary/company-summary/IM00B7S9G985IMGBXSTMM.html
Plus500,PLUS,3%,https://www.londonstockexchange.com/exchange/prices-and-markets/stocks/summary/company-summary/IL0011284465GBGBXSTMM.html
Polar Capital Technology Trust,PCT,3%,https://www.londonstockexchange.com/exchange/prices-and-markets/stocks/summary/company-summary/GB0004220025GBGBXSTMM.html
Polymetal International,POLY,3%,https://www.londonstockexchange.com/exchange/prices-and-markets/stocks/summary/company-summary/JE00B6T5S470JEGBXSTMM.html
Polypipe,PLP,3%,https://www.londonstockexchange.com/exchange/prices-and-markets/stocks/summary/company-summary/GB00BKRC5K31GBGBXSTMM.html
Premier Oil,PMO,3%,https://www.londonstockexchange.com/exchange/prices-and-markets/stocks/summary/company-summary/GB00B43G0577GBGBXSTMM.html
Primary Health Properties,PHP,3%,https://www.londonstockexchange.com/exchange/prices-and-markets/stocks/summary/company-summary/GB00BYRJ5J14GBGBXSTMM.html
Provident Financial,PFG,3%,https://www.londonstockexchange.com/exchange/prices-and-markets/stocks/summary/company-summary/GB00B1Z4ST84GBGBXSTMM.html
PZ Cussons,PZC,3%,https://www.londonstockexchange.com/exchange/prices-and-markets/stocks/summary/company-summary/GB00B19Z1432GBGBXSTMM.html
QinetiQ,QQ.,3%,https://www.londonstockexchange.com/exchange/prices-and-markets/stocks/summary/company-summary/GB00B0WMWD03GBGBXSTMM.html
Quilter,QLT,3%,https://www.londonstockexchange.com/exchange/prices-and-markets/stocks/summary/company-summary/GB00BDCXV269GBGBXSTMM.html
Rank Group,RNK,3%,https://www.londonstockexchange.com/exchange/prices-and-markets/stocks/summary/company-summary/GB00B1L5QH97GBGBXSTMM.html
Rathbone Brothers,RAT,3%,https://www.londonstockexchange.com/exchange/prices-and-markets/stocks/summary/company-summary/GB0002148343GBGBXSTMM.html
Redrow,RDW,3%,https://www.londonstockexchange.com/exchange/prices-and-markets/stocks/summary/company-summary/GB0007282386GBGBXSTMM.html
Renewables Infrastructure Group,TRIG,3%,https://www.londonstockexchange.com/exchange/prices-and-markets/stocks/summary/company-summary/GG00BBHX2H91GGGBXSTMM.html
Renishaw,RSW,3%,https://www.londonstockexchange.com/exchange/prices-and-markets/stocks/summary/company-summary/GB0007323586GBGBXSTMM.html
RHI Magnesita,RHIM,3%,https://www.londonstockexchange.com/exchange/prices-and-markets/stocks/summary/company-summary/NL0012650360GBGBXSTMM.html
RIT Capital Partners,RCP,3%,https://www.londonstockexchange.com/exchange/prices-and-markets/stocks/summary/company-summary/GB0007366395GBGBXSTMM.html
Riverstone Energy,RSE,3%,https://www.londonstockexchange.com/exchange/prices-and-markets/stocks/summary/company-summary/GG00BBHXCL35GGGBXSTMM.html
Rotork,ROR,3%,https://www.londonstockexchange.com/exchange/prices-and-markets/stocks/summary/company-summary/GB00BVFNZH21GBGBXSTMM.html
Royal Mail,RMG,3%,https://www.londonstockexchange.com/exchange/prices-and-markets/stocks/summary/company-summary/GB00BDVZYZ77GBGBXSTMM.html
RPC Group,RPC,3%,https://www.londonstockexchange.com/exchange/prices-and-markets/stocks/summary/company-summary/GB0007197378GBGBXSTMM.html
Sabre Insurance,SBRE,3%,https://www.londonstockexchange.com/exchange/prices-and-markets/stocks/summary/company-summary/GB00BYWVDP49GBGBXSTMM.html
Safestore,SAFE,3%,https://www.londonstockexchange.com/exchange/prices-and-markets/stocks/summary/company-summary/GB00B1N7Z094GBGBXSTMM.html
Saga,SAGA,3%,https://www.londonstockexchange.com/exchange/prices-and-markets/stocks/summary/company-summary/GB00BLT1Y088GBGBXSTMM.html
Sanne Group,SNN,3%,https://www.londonstockexchange.com/exchange/prices-and-markets/stocks/summary/company-summary/JE00BVRZ8S85JEGBXSTMM.html
Savills,SVS,3%,https://www.londonstockexchange.com/exchange/prices-and-markets/stocks/summary/company-summary/GB00B135BJ46GBGBXSTMM.html
Schroder AsiaPacific Fund,SDP,3%,https://www.londonstockexchange.com/exchange/prices-and-markets/stocks/summary/company-summary/GB0007918872GBGBXSTMM.html
Scottish Investment Trust,SCIN,3%,https://www.londonstockexchange.com/exchange/prices-and-markets/stocks/summary/company-summary/GB0007826091GBGBXSTMM.html
Senior,SNR,3%,https://www.londonstockexchange.com/exchange/prices-and-markets/stocks/summary/company-summary/GB0007958233GBGBXSTMM.html
Sequoia Economic Infrastructure Income Fund,SEQI,3%,https://www.londonstockexchange.com/exchange/prices-and-markets/stocks/summary/company-summary/GG00BV54HY67GGGBXSTMM.html
Serco,SRP,3%,https://www.londonstockexchange.com/exchange/prices-and-markets/stocks/summary/company-summary/GB0007973794GBGBXSTMM.html
Shaftesbury,SHB,3%,https://www.londonstockexchange.com/exchange/prices-and-markets/stocks/summary/company-summary/GB0007990962GBGBXSTMM.html
SIG plc,SHI,3%,https://www.londonstockexchange.com/exchange/prices-and-markets/stocks/summary/company-summary/GB0008025412GBGBXSTMM.html
Sirius Minerals,SXX,3%,https://www.londonstockexchange.com/exchange/prices-and-markets/stocks/summary/company-summary/GB00B0DG3H29GBGBXSTMM.html
Smithson Investment Trust,SSON,3%,https://www.londonstockexchange.com/exchange/prices-and-markets/stocks/summary/company-summary/GB00BGJWTR88GBGBXSTMM.html
Softcat,SCT,3%,https://www.londonstockexchange.com/exchange/prices-and-markets/stocks/summary/company-summary/GB00BYZDVK82GBGBXSTMM.html
Sophos,SOPH,3%,https://www.londonstockexchange.com/exchange/prices-and-markets/stocks/summary/company-summary/GB00BYZFZ918GBGBXSTMM.html
Spectris,SXS,3%,https://www.londonstockexchange.com/exchange/prices-and-markets/stocks/summary/company-summary/GB0003308607GBGBXSTMM.html
Spirent,SPT,3%,https://www.londonstockexchange.com/exchange/prices-and-markets/stocks/summary/company-summary/GB0004726096GBGBXSTMM.html
Sports Direct,SPD,3%,https://www.londonstockexchange.com/exchange/prices-and-markets/stocks/summary/company-summary/GB00B1QH8P22GBGBXSTMM.html
SSP Group,SSPG,3%,https://www.londonstockexchange.com/exchange/prices-and-markets/stocks/summary/company-summary/GB00BFWK4V16GBGBXSTMM.html
Stagecoach Group,SGC,3%,https://www.londonstockexchange.com/exchange/prices-and-markets/stocks/summary/company-summary/GB00B6YTLS95GBGBXSTMM.html
St. Modwen Properties,SMP,3%,https://www.londonstockexchange.com/exchange/prices-and-markets/stocks/summary/company-summary/GB0007291015GBGBXSTMM.html
Stobart,STOB,3%,https://www.londonstockexchange.com/exchange/prices-and-markets/stocks/summary/company-summary/GB00B03HDJ73GBGBXSTMM.html
Superdry,SDRY,3%,https://www.londonstockexchange.com/exchange/prices-and-markets/stocks/summary/company-summary/GB00B60BD277GBGBXSTMM.html
Syncona,SYNC,3%,https://www.londonstockexchange.com/exchange/prices-and-markets/stocks/summary/company-summary/GG00B8P59C08GGGBXSTMM.html
Synthomer,SYNT,3%,https://www.londonstockexchange.com/exchange/prices-and-markets/stocks/summary/company-summary/GB0009887422GBGBXSTMM.html
TalkTalk Group,TALK,3%,https://www.londonstockexchange.com/exchange/prices-and-markets/stocks/summary/company-summary/GB00B4YCDF59GBGBXSTMM.html
Tate & Lyle,TATE,3%,https://www.londonstockexchange.com/exchange/prices-and-markets/stocks/summary/company-summary/GB0008754136GBGBXSTMM.html
TBC Bank,TBCG,3%,https://www.londonstockexchange.com/exchange/prices-and-markets/stocks/summary/company-summary/GB00BYT18307GBGBXSTMM.html
Ted Baker,TED,3%,https://www.londonstockexchange.com/exchange/prices-and-markets/stocks/summary/company-summary/GB0001048619GBGBXSTMM.html
Telecom Plus,TEP,3%,https://www.londonstockexchange.com/exchange/prices-and-markets/stocks/summary/company-summary/GB0008794710GBGBXSTMM.html
Temple Bar Investment Trust,TMPL,3%,https://www.londonstockexchange.com/exchange/prices-and-markets/stocks/summary/company-summary/GB0008825324GBGBXSTMM.html
Templeton Emerging Markets Investment Trust,TEM,3%,https://www.londonstockexchange.com/exchange/prices-and-markets/stocks/summary/company-summary/GB0008829292GBGBXSTMM.html
TI Fluid Systems,TIFS,3%,https://www.londonstockexchange.com/exchange/prices-and-markets/stocks/summary/company-summary/GB00BYQB9V88GBGBXSTMM.html
TP ICAP,TCAP,3%,https://www.londonstockexchange.com/exchange/prices-and-markets/stocks/summary/company-summary/GB00B1H0DZ51GBGBXSTMM.html
Travis Perkins,TPK,3%,https://www.londonstockexchange.com/exchange/prices-and-markets/stocks/summary/company-summary/GB0007739609GBGBXSTMM.html
Tritax Big Box REIT,BBOX,3%,https://www.londonstockexchange.com/exchange/prices-and-markets/stocks/summary/company-summary/GB00BG49KP99GBGBXSTMM.html
TR Property Investment Trust,TRY,3%,https://www.londonstockexchange.com/exchange/prices-and-markets/stocks/summary/company-summary/GB0009064097GBGBXSTMM.html
Tullow Oil,TLW,3%,https://www.londonstockexchange.com/exchange/prices-and-markets/stocks/summary/company-summary/GB0001500809GBGBXSTMM.html
UDG Healthcare,UDG,3%,https://www.londonstockexchange.com/exchange/prices-and-markets/stocks/summary/company-summary/IE0033024807IEGBXSTMM.html
UK Commercial Property Trust,UKCM,3%,https://www.londonstockexchange.com/exchange/prices-and-markets/stocks/summary/company-summary/GB00B19Z2J52GGGBXSTMM.html
Ultra Electronics Holdings,ULE,3%,https://www.londonstockexchange.com/exchange/prices-and-markets/stocks/summary/company-summary/GB0009123323GBGBXSTMM.html
Unite Group,UTG,3%,https://www.londonstockexchange.com/exchange/prices-and-markets/stocks/summary/company-summary/GB0006928617GBGBXSTMM.html
Vesuvius,VSVS,3%,https://www.londonstockexchange.com/exchange/prices-and-markets/stocks/summary/company-summary/GB00B82YXW83GBGBXSTMM.html
Victrex,VCT,3%,https://www.londonstockexchange.com/exchange/prices-and-markets/stocks/summary/company-summary/GB0009292243GBGBXSTMM.html
Vietnam Enterprise Investments,VEIL,3%,https://www.londonstockexchange.com/exchange/prices-and-markets/stocks/summary/company-summary/KYG9361H1092GBGBXSTMM.html
VinaCapital Vietnam Opportunity Fund,VOF,3%,https://www.londonstockexchange.com/exchange/prices-and-markets/stocks/summary/company-summary/GG00BYXVT888GGGBXSTMM.html
Vivo Energy,VVO,3%,https://www.londonstockexchange.com/exchange/prices-and-markets/stocks/summary/company-summary/GB00BDGT2M75GBGBXSTMM.html
Weir Group,WEIR,3%,https://www.londonstockexchange.com/exchange/prices-and-markets/stocks/summary/company-summary/GB0009465807GBGBXSTMM.html
Wetherspoon (J D),JDW,3%,https://www.londonstockexchange.com/exchange/prices-and-markets/stocks/summary/company-summary/GB0001638955GBGBXSTMM.html
W H Smith,SMWH,3%,https://www.londonstockexchange.com/exchange/prices-and-markets/stocks/summary/company-summary/GB00B2PDGW16GBGBXSTMM.html
William Hill,WMH,3%,https://www.londonstockexchange.com/exchange/prices-and-markets/stocks/summary/company-summary/GB0031698896GBGBXSTMM.html
Witan Investment Trust,WTAN,3%,https://www.londonstockexchange.com/exchange/prices-and-markets/stocks/summary/company-summary/GB0009744060GBGBXSTMM.html
Wizz Air,WIZZ,3%,https://www.londonstockexchange.com/exchange/prices-and-markets/stocks/summary/company-summary/JE00BN574F90JEGBXSTMM.html
Woodford Patient Capital Trust,WPCT,3%,https://www.londonstockexchange.com/exchange/prices-and-markets/stocks/summary/company-summary/GB00BVG1CF25GBGBXSTMM.html
Workspace Group,WKP,3%,https://www.londonstockexchange.com/exchange/prices-and-markets/stocks/summary/company-summary/GB00B67G5X01GBGBXSTMM.html
Worldwide Healthcare Trust,WWH,3%,https://www.londonstockexchange.com/exchange/prices-and-markets/stocks/summary/company-summary/GB0003385308GBGBXSTMM.html